"timestamp","acc1","acc2","acc3","gyro1","gyro2","gyro3","orientation1","orientation2","orientation3","orientation4","emg1","emg2","emg3","emg4","emg5","emg6","emg7","emg8"
"20:50:18.048794","1056","-1696","-813","26","14","-3","1320","-8577","10524","-9077","-3","-2","-2","-2","1","0","-2","1"
"20:50:18.049264","1056","-1696","-813","26","14","-3","1320","-8577","10524","-9077","-1","0","-1","-1","-5","-3","-1","-2"
"20:50:18.058638","1056","-1696","-813","26","14","-3","1320","-8577","10524","-9077","0","-1","1","4","0","0","0","0"
"20:50:18.059038","1056","-1696","-813","26","14","-3","1320","-8577","10524","-9077","-2","-2","-3","-1","-2","0","0","0"
"20:50:18.063254","1044","-1689","-801","25","22","-1","1318","-8576","10521","-9082","0","-1","0","-1","-1","0","-1","-1"
"20:50:18.063612","1044","-1689","-801","25","22","-1","1318","-8576","10521","-9082","-2","-2","-3","-3","1","-2","1","-2"
"20:50:18.080548","1044","-1689","-801","25","22","-1","1318","-8576","10521","-9082","1","0","1","0","1","-2","0","2"
"20:50:18.081060","1044","-1689","-801","25","22","-1","1318","-8576","10521","-9082","0","0","1","1","-2","0","-1","0"
"20:50:18.085825","1055","-1686","-800","14","25","2","1313","-8575","10518","-9086","-2","-1","2","1","0","-1","0","-3"
"20:50:18.086194","1055","-1686","-800","14","25","2","1313","-8575","10518","-9086","-1","-1","-3","-3","-1","-1","-2","-1"
"20:50:18.103354","1055","-1686","-800","14","25","2","1313","-8575","10518","-9086","0","0","0","-4","-1","-2","-1","0"
"20:50:18.103708","1055","-1686","-800","14","25","2","1313","-8575","10518","-9086","-1","1","1","0","1","0","1","-1"
"20:50:18.108885","1047","-1678","-797","8","26","1","1309","-8573","10517","-9089","-1","-2","-2","-3","-3","-1","-1","-1"
"20:50:18.109289","1047","-1678","-797","8","26","1","1309","-8573","10517","-9089","-2","-1","-1","-1","-1","2","0","-2"
"20:50:18.117604","1047","-1678","-797","8","26","1","1309","-8573","10517","-9089","-5","-2","-1","-2","-2","-1","-3","-6"
"20:50:18.117942","1047","-1678","-797","8","26","1","1309","-8573","10517","-9089","4","0","-4","-2","-2","-3","3","9"
"20:50:18.123734","1030","-1690","-789","-9","21","19","1306","-8570","10520","-9090","-2","0","-1","2","1","0","0","0"
"20:50:18.124045","1030","-1690","-789","-9","21","19","1306","-8570","10520","-9090","0","1","3","1","1","1","2","1"
"20:50:18.140600","1030","-1690","-789","-9","21","19","1306","-8570","10520","-9090","-6","-1","2","3","0","-1","-4","-15"
"20:50:18.140952","1030","-1690","-789","-9","21","19","1306","-8570","10520","-9090","2","0","-2","-3","-2","-1","0","6"
"20:50:18.146832","1014","-1711","-786","-39","15","58","1308","-8561","10529","-9087","6","-2","-3","-4","-4","-1","3","19"
"20:50:18.147239","1014","-1711","-786","-39","15","58","1308","-8561","10529","-9087","1","-1","0","1","-1","0","1","0"
"20:50:18.155879","1014","-1711","-786","-39","15","58","1308","-8561","10529","-9087","-5","0","0","-4","-3","-5","-7","-19"
"20:50:18.156229","1014","-1711","-786","-39","15","58","1308","-8561","10529","-9087","-1","-2","-1","0","1","1","0","1"
"20:50:18.169180","1011","-1735","-766","-69","5","88","1311","-8549","10543","-9082","7","3","1","4","7","4","7","12"
"20:50:18.169633","1011","-1735","-766","-69","5","88","1311","-8549","10543","-9082","-1","-3","-4","-1","-3","-4","-1","8"
"20:50:18.178466","1011","-1735","-766","-69","5","88","1311","-8549","10543","-9082","2","-2","1","0","-4","-4","-3","4"
"20:50:18.178892","1011","-1735","-766","-69","5","88","1311","-8549","10543","-9082","-6","-3","0","2","1","3","-1","-10"
"20:50:18.184073","989","-1776","-687","-233","-81","83","1313","-8544","10569","-9056","-8","-7","-11","-9","-3","-4","-12","-18"
"20:50:18.184435","989","-1776","-687","-233","-81","83","1313","-8544","10569","-9056","-1","0","2","2","-3","-6","0","-3"
"20:50:18.201509","989","-1776","-687","-233","-81","83","1313","-8544","10569","-9056","-10","2","0","0","0","-3","-9","-43"
"20:50:18.201953","989","-1776","-687","-233","-81","83","1313","-8544","10569","-9056","23","5","1","2","2","10","26","80"
"20:50:18.206695","1056","-1933","-506","-630","-320","208","1322","-8544","10632","-8980","2","-1","3","2","2","7","4","6"
"20:50:18.207201","1056","-1933","-506","-630","-320","208","1322","-8544","10632","-8980","-23","-5","-3","-4","-7","-16","-34","-68"
"20:50:18.221766","1056","-1933","-506","-630","-320","208","1322","-8544","10632","-8980","13","-4","-6","-3","-3","-6","13","52"
"20:50:18.222237","1056","-1933","-506","-630","-320","208","1322","-8544","10632","-8980","-6","1","0","1","5","12","2","-42"
"20:50:18.228730","1074","-1959","-638","-860","-343","469","1335","-8523","10743","-8866","-8","-1","-1","1","-2","0","1","0"
"20:50:18.229139","1074","-1959","-638","-860","-343","469","1335","-8523","10743","-8866","-12","-1","0","1","3","1","-13","-56"
"20:50:18.238556","1074","-1959","-638","-860","-343","469","1335","-8523","10743","-8866","27","-6","-4","1","-5","-8","18","90"
"20:50:18.238963","1074","-1959","-638","-860","-343","469","1335","-8523","10743","-8866","-3","-2","-2","-7","-3","-1","0","-10"
"20:50:18.251796","971","-2306","-846","-701","-473","818","1428","-8463","10876","-8746","7","-1","-3","-2","10","13","15","7"
"20:50:18.252300","971","-2306","-846","-701","-473","818","1428","-8463","10876","-8746","-13","-6","-17","-13","-8","-5","-6","-30"
"20:50:18.261992","971","-2306","-846","-701","-473","818","1428","-8463","10876","-8746","-21","-1","1","2","-3","-6","-19","-57"
"20:50:18.262475","971","-2306","-846","-701","-473","818","1428","-8463","10876","-8746","0","2","14","12","-4","-10","-10","-2"
"20:50:18.266031","748","-2376","-996","-201","-603","1150","1626","-8365","10998","-8653","-5","0","1","2","-5","-4","-5","-15"
"20:50:18.266442","748","-2376","-996","-201","-603","1150","1626","-8365","10998","-8653","1","0","6","-3","4","2","5","23"
"20:50:18.280930","748","-2376","-996","-201","-603","1150","1626","-8365","10998","-8653","2","-2","-6","-9","2","3","2","0"
"20:50:18.281344","748","-2376","-996","-201","-603","1150","1626","-8365","10998","-8653","-2","2","3","-3","-8","-17","-15","-3"
"20:50:18.288731","445","-2329","-1182","91","-1025","1286","1921","-8284","11107","-8530","-4","-4","-1","2","5","1","-5","-20"
"20:50:18.289069","445","-2329","-1182","91","-1025","1286","1921","-8284","11107","-8530","12","1","2","-1","0","12","17","24"
"20:50:18.298256","445","-2329","-1182","91","-1025","1286","1921","-8284","11107","-8530","-2","0","4","2","5","8","1","-3"
"20:50:18.298631","445","-2329","-1182","91","-1025","1286","1921","-8284","11107","-8530","4","-9","-11","-8","-9","-7","-8","-5"
"20:50:18.311587","233","-2202","-1404","6","-1727","1401","2270","-8269","11201","-8334","-7","2","6","2","-3","-10","-12","-7"
"20:50:18.311970","233","-2202","-1404","6","-1727","1401","2270","-8269","11201","-8334","13","-7","-7","-3","1","3","17","39"
"20:50:18.320940","233","-2202","-1404","6","-1727","1401","2270","-8269","11201","-8334","-11","2","9","-6","2","5","-5","-28"
"20:50:18.321299","233","-2202","-1404","6","-1727","1401","2270","-8269","11201","-8334","-15","-3","-12","3","-5","-8","-14","-24"
"20:50:18.326482","112","-2286","-1388","14","-2173","1622","2693","-8260","11293","-8088","-10","-20","-51","-20","-18","-17","-11","-10"
"20:50:18.326818","112","-2286","-1388","14","-2173","1622","2693","-8260","11293","-8088","-6","-5","1","3","0","-3","-3","2"
"20:50:18.341163","112","-2286","-1388","14","-2173","1622","2693","-8260","11293","-8088","2","2","0","-2","-1","4","0","-27"
"20:50:18.341499","112","-2286","-1388","14","-2173","1622","2693","-8260","11293","-8088","7","4","13","2","7","10","17","22"
"20:50:18.348575","-137","-2376","-1397","150","-2581","1855","3199","-8244","11371","-7806","2","10","22","4","1","3","4","10"
"20:50:18.348939","-137","-2376","-1397","150","-2581","1855","3199","-8244","11371","-7806","-56","-10","4","8","6","3","-10","-69"
"20:50:18.358208","-137","-2376","-1397","150","-2581","1855","3199","-8244","11371","-7806","88","44","9","8","0","2","12","69"
"20:50:18.358563","-137","-2376","-1397","150","-2581","1855","3199","-8244","11371","-7806","26","-2","-5","-4","-2","-1","11","52"
"20:50:18.370891","-244","-2247","-1253","231","-2845","1948","3746","-8225","11425","-7499","-27","-10","6","3","1","0","6","23"
"20:50:18.371225","-244","-2247","-1253","231","-2845","1948","3746","-8225","11425","-7499","8","-3","0","3","2","-2","-1","20"
"20:50:18.380971","-244","-2247","-1253","231","-2845","1948","3746","-8225","11425","-7499","-40","-18","-3","2","0","3","-1","-21"
"20:50:18.381319","-244","-2247","-1253","231","-2845","1948","3746","-8225","11425","-7499","-7","3","-13","-8","-2","-8","-16","-40"
"20:50:18.386410","-322","-2152","-1271","273","-2956","1905","4299","-8207","11448","-7178","16","7","9","2","1","5","3","-16"
"20:50:18.386754","-322","-2152","-1271","273","-2956","1905","4299","-8207","11448","-7178","7","5","7","1","-5","-6","0","21"
"20:50:18.401133","-322","-2152","-1271","273","-2956","1905","4299","-8207","11448","-7178","-21","-11","-12","-3","-3","-6","-12","-48"
"20:50:18.401473","-322","-2152","-1271","273","-2956","1905","4299","-8207","11448","-7178","-6","-6","-1","-6","-3","3","18","70"
"20:50:18.408670","-324","-2069","-1276","427","-3062","1824","4863","-8191","11430","-6860","11","-1","-5","-16","-15","-17","-23","-36"
"20:50:18.409007","-324","-2069","-1276","427","-3062","1824","4863","-8191","11430","-6860","-2","15","-1","6","9","5","-1","-17"
"20:50:18.417716","-324","-2069","-1276","427","-3062","1824","4863","-8191","11430","-6860","24","7","-5","8","4","3","14","34"
"20:50:18.418070","-324","-2069","-1276","427","-3062","1824","4863","-8191","11430","-6860","-15","-1","1","-3","-4","-14","-21","-25"
"20:50:18.431915","-277","-2024","-1226","569","-3140","1709","5429","-8176","11367","-6550","-12","-27","-2","1","13","20","17","1"
"20:50:18.432281","-277","-2024","-1226","569","-3140","1709","5429","-8176","11367","-6550","23","16","1","-7","-7","-3","-3","7"
"20:50:18.441116","-277","-2024","-1226","569","-3140","1709","5429","-8176","11367","-6550","-9","-6","-1","-1","-4","-7","-6","3"
"20:50:18.441463","-277","-2024","-1226","569","-3140","1709","5429","-8176","11367","-6550","-23","-11","-9","-8","-1","-1","-9","-54"
"20:50:18.446689","-263","-1840","-1170","809","-3103","1544","5989","-8153","11257","-6274","10","13","4","-4","-7","-9","-4","28"
"20:50:18.447051","-263","-1840","-1170","809","-3103","1544","5989","-8153","11257","-6274","-1","-6","-1","-3","-6","-10","-9","-17"
"20:50:18.461474","-263","-1840","-1170","809","-3103","1544","5989","-8153","11257","-6274","-32","-10","-5","0","-1","1","-8","-27"
"20:50:18.461847","-263","-1840","-1170","809","-3103","1544","5989","-8153","11257","-6274","-4","-3","1","8","12","14","7","-30"
"20:50:18.468764","-292","-1683","-1165","968","-3085","1343","6535","-8133","11104","-6022","4","-2","0","5","1","0","5","9"
"20:50:18.469164","-292","-1683","-1165","968","-3085","1343","6535","-8133","11104","-6022","-4","-12","-7","-16","-10","-10","5","43"
"20:50:18.484122","-292","-1683","-1165","968","-3085","1343","6535","-8133","11104","-6022","15","-3","0","0","4","4","-8","-30"
"20:50:18.484504","-292","-1683","-1165","968","-3085","1343","6535","-8133","11104","-6022","26","18","5","1","-4","-1","18","62"
"20:50:18.491878","-261","-1656","-1222","962","-3137","1157","7062","-8130","10916","-5770","7","-13","-5","7","7","10","1","-9"
"20:50:18.492347","-261","-1656","-1222","962","-3137","1157","7062","-8130","10916","-5770","-45","-22","-5","-5","-4","-5","-7","-25"
"20:50:18.501139","-261","-1656","-1222","962","-3137","1157","7062","-8130","10916","-5770","6","17","1","-9","-6","-5","-2","17"
"20:50:18.501548","-261","-1656","-1222","962","-3137","1157","7062","-8130","10916","-5770","-21","-28","-10","-6","-2","-4","-15","-47"
"20:50:18.505899","-242","-1486","-1192","1045","-3070","864","7558","-8142","10689","-5548","-4","1","-2","1","-4","-5","1","-3"
"20:50:18.506350","-242","-1486","-1192","1045","-3070","864","7558","-8142","10689","-5548","6","-4","0","3","0","4","-1","-1"
"20:50:18.521327","-242","-1486","-1192","1045","-3070","864","7558","-8142","10689","-5548","-60","-20","-4","-2","1","-4","-20","-84"
"20:50:18.521708","-242","-1486","-1192","1045","-3070","864","7558","-8142","10689","-5548","68","48","8","12","7","1","7","56"
"20:50:18.528798","-124","-1416","-1322","839","-3054","517","7998","-8203","10432","-5325","-45","-39","7","27","18","13","11","-1"
"20:50:18.529187","-124","-1416","-1322","839","-3054","517","7998","-8203","10432","-5325","11","-18","-14","-43","-30","-10","-1","33"
"20:50:18.538310","-124","-1416","-1322","839","-3054","517","7998","-8203","10432","-5325","-10","-5","-11","-23","-12","-3","17","57"
"20:50:18.538842","-124","-1416","-1322","839","-3054","517","7998","-8203","10432","-5325","-58","-5","2","-3","-8","-15","-38","-101"
"20:50:18.550809","-40","-1255","-1261","569","-3057","219","8386","-8313","10152","-5092","34","30","5","7","9","6","21","27"
"20:50:18.551115","-40","-1255","-1261","569","-3057","219","8386","-8313","10152","-5092","22","22","11","27","19","15","3","-7"
"20:50:18.560528","-40","-1255","-1261","569","-3057","219","8386","-8313","10152","-5092","55","2","1","6","3","-2","2","17"
"20:50:18.560879","-40","-1255","-1261","569","-3057","219","8386","-8313","10152","-5092","-22","-11","1","-2","1","3","9","34"
"20:50:18.566389","165","-1253","-1106","321","-2857","-119","8703","-8465","9861","-4879","36","24","-7","7","-3","-6","-6","20"
"20:50:18.566739","165","-1253","-1106","321","-2857","-119","8703","-8465","9861","-4879","-79","-11","15","28","14","6","-13","-83"
"20:50:18.581217","165","-1253","-1106","321","-2857","-119","8703","-8465","9861","-4879","54","26","-11","-24","-15","-8","8","57"
"20:50:18.581568","165","-1253","-1106","321","-2857","-119","8703","-8465","9861","-4879","30","-38","-19","-32","-6","8","32","52"
"20:50:18.588565","203","-1464","-1058","-88","-2422","-45","8931","-8619","9629","-4655","3","41","25","3","-5","-15","-27","-55"
"20:50:18.588992","203","-1464","-1058","-88","-2422","-45","8931","-8619","9629","-4655","-45","-41","-7","9","8","-2","10","42"
"20:50:18.597985","203","-1464","-1058","-88","-2422","-45","8931","-8619","9629","-4655","39","17","-6","-3","-12","-1","-5","3"
"20:50:18.598303","203","-1464","-1058","-88","-2422","-45","8931","-8619","9629","-4655","-33","-8","5","6","4","1","-11","-53"
"20:50:18.610702","153","-1531","-814","-184","-1777","72","9089","-8730","9468","-4468","1","-10","-5","3","-4","-5","1","6"
"20:50:18.611005","153","-1531","-814","-184","-1777","72","9089","-8730","9468","-4468","38","12","-1","1","-3","-11","-8","35"
"20:50:18.620747","153","-1531","-814","-184","-1777","72","9089","-8730","9468","-4468","-16","-5","2","2","16","16","22","32"
"20:50:18.621052","153","-1531","-814","-184","-1777","72","9089","-8730","9468","-4468","29","13","9","14","3","5","2","23"
"20:50:18.625651","-45","-1771","-769","-233","-1381","263","9176","-8834","9357","-4317","-118","-36","-7","-21","-2","0","-16","-85"
"20:50:18.625991","-45","-1771","-769","-233","-1381","263","9176","-8834","9357","-4317","43","9","-10","-13","-15","-11","8","3"
"20:50:18.640750","-45","-1771","-769","-233","-1381","263","9176","-8834","9357","-4317","-44","-18","1","-4","-12","-15","-25","-57"
"20:50:18.641066","-45","-1771","-769","-233","-1381","263","9176","-8834","9357","-4317","72","47","7","0","2","5","29","111"
"20:50:18.648478","-200","-1911","-813","-353","-1201","372","9240","-8925","9282","-4153","52","52","8","24","23","19","28","73"
"20:50:18.648793","-200","-1911","-813","-353","-1201","372","9240","-8925","9282","-4153","-20","-25","1","6","1","3","1","4"
"20:50:18.657740","-200","-1911","-813","-353","-1201","372","9240","-8925","9282","-4153","-16","-8","1","-2","1","5","18","-2"
"20:50:18.658092","-200","-1911","-813","-353","-1201","372","9240","-8925","9282","-4153","-77","-13","7","-3","-18","-26","-56","-128"
"20:50:18.671682","-204","-1979","-842","-242","-959","370","9286","-8995","9224","-4027","14","-3","-1","12","7","2","-15","-10"
"20:50:18.672047","-204","-1979","-842","-242","-959","370","9286","-8995","9224","-4027","88","37","-9","-30","-14","3","49","127"
"20:50:18.689122","-204","-1979","-842","-242","-959","370","9286","-8995","9224","-4027","-29","-15","2","-5","0","-4","-18","-14"
"20:50:18.689473","-204","-1979","-842","-242","-959","370","9286","-8995","9224","-4027","-37","-22","-15","-3","-3","-1","-17","-69"
"20:50:18.690700","-263","-1915","-820","-65","-619","415","9320","-9023","9199","-3942","-11","-8","-4","-15","-8","-6","-3","-31"
"20:50:18.691052","-263","-1915","-820","-65","-619","415","9320","-9023","9199","-3942","-3","-3","0","17","16","15","14","-2"
"20:50:18.701502","-263","-1915","-820","-65","-619","415","9320","-9023","9199","-3942","-33","-11","6","21","12","8","-12","-63"
"20:50:18.701865","-263","-1915","-820","-65","-619","415","9320","-9023","9199","-3942","45","20","4","3","2","-2","24","105"
"20:50:18.708863","-373","-1816","-808","-160","-385","297","9320","-9056","9196","-3873","20","-17","-11","-12","1","10","37","69"
"20:50:18.709222","-373","-1816","-808","-160","-385","297","9320","-9056","9196","-3873","-50","-15","1","1","-6","-9","-37","-88"
"20:50:18.718507","-373","-1816","-808","-160","-385","297","9320","-9056","9196","-3873","64","27","7","8","6","8","34","67"
"20:50:18.718858","-373","-1816","-808","-160","-385","297","9320","-9056","9196","-3873","-80","-40","-2","-3","-4","-8","-29","-81"
"20:50:18.731683","-423","-1948","-846","-345","-307","165","9289","-9117","9194","-3808","-5","-9","-4","-7","-9","3","10","8"
"20:50:18.732048","-423","-1948","-846","-345","-307","165","9289","-9117","9194","-3808","-22","2","8","19","5","0","-10","-29"
"20:50:18.740741","-423","-1948","-846","-345","-307","165","9289","-9117","9194","-3808","12","4","-2","-20","2","3","4","30"
"20:50:18.741100","-423","-1948","-846","-345","-307","165","9289","-9117","9194","-3808","-34","-42","-19","-17","-8","-2","5","27"
"20:50:18.746729","-400","-2034","-834","-363","-255","43","9247","-9190","9182","-3764","64","13","-8","-8","-9","-12","4","59"
"20:50:18.747083","-400","-2034","-834","-363","-255","43","9247","-9190","9182","-3764","-10","-9","3","1","5","7","1","-7"
"20:50:18.761638","-400","-2034","-834","-363","-255","43","9247","-9190","9182","-3764","-14","-14","6","17","-3","-9","-7","1"
"20:50:18.762070","-400","-2034","-834","-363","-255","43","9247","-9190","9182","-3764","9","11","1","11","15","19","16","9"
"20:50:18.768847","-407","-2014","-777","-232","-128","28","9210","-9241","9173","-3748","-29","15","3","-10","-14","-17","-39","-97"
"20:50:18.769200","-407","-2014","-777","-232","-128","28","9210","-9241","9173","-3748","43","20","-2","3","6","10","22","28"
"20:50:18.778430","-407","-2014","-777","-232","-128","28","9210","-9241","9173","-3748","-62","-24","-5","-10","-4","-7","-26","-87"
"20:50:18.778777","-407","-2014","-777","-232","-128","28","9210","-9241","9173","-3748","59","14","0","5","6","11","23","60"
"20:50:18.791684","-475","-2020","-697","-182","-34","18","9177","-9278","9170","-3745","5","-1","-9","-13","-11","-4","-13","-26"
"20:50:18.792040","-475","-2020","-697","-182","-34","18","9177","-9278","9170","-3745","-30","2","3","-7","-11","-14","-28","-71"
"20:50:18.800754","-475","-2020","-697","-182","-34","18","9177","-9278","9170","-3745","-21","-19","-12","-1","-2","-3","0","4"
"20:50:18.801115","-475","-2020","-697","-182","-34","18","9177","-9278","9170","-3745","25","2","-5","2","5","2","10","14"
"20:50:18.806499","-498","-2106","-661","-191","-9","45","9147","-9310","9170","-3744","-18","-10","4","14","3","0","5","18"
"20:50:18.806871","-498","-2106","-661","-191","-9","45","9147","-9310","9170","-3744","25","9","0","-15","-7","-7","-3","22"
"20:50:18.821397","-498","-2106","-661","-191","-9","45","9147","-9310","9170","-3744","-5","6","-2","-12","-10","-6","-7","-5"
"20:50:18.821763","-498","-2106","-661","-191","-9","45","9147","-9310","9170","-3744","-71","-14","2","4","-3","-9","-48","-119"
"20:50:18.828821","-490","-2103","-666","-112","53","39","9118","-9331","9172","-3757","62","16","-3","-3","1","9","32","89"
"20:50:18.829191","-490","-2103","-666","-112","53","39","9118","-9331","9172","-3757","13","12","5","-2","4","-1","0","-2"
"20:50:18.838145","-490","-2103","-666","-112","53","39","9118","-9331","9172","-3757","64","7","2","10","10","13","47","83"
"20:50:18.838597","-490","-2103","-666","-112","53","39","9118","-9331","9172","-3757","-11","2","13","15","6","-3","-11","-43"
"20:50:18.851253","-537","-2087","-657","43","167","90","9098","-9324","9186","-3789","22","-3","-3","-1","-1","-2","18","42"
"20:50:18.851616","-537","-2087","-657","43","167","90","9098","-9324","9186","-3789","16","4","-9","-21","-12","-2","4","12"
"20:50:18.861200","-537","-2087","-657","43","167","90","9098","-9324","9186","-3789","-24","-9","6","13","8","2","-7","-36"
"20:50:18.861549","-537","-2087","-657","43","167","90","9098","-9324","9186","-3789","49","35","1","1","0","2","21","40"
"20:50:18.866731","-577","-2013","-670","136","250","90","9079","-9303","9208","-3832","-56","-18","-1","-10","-8","-11","-28","-67"
"20:50:18.867295","-577","-2013","-670","136","250","90","9079","-9303","9208","-3832","32","24","6","5","7","3","-1","7"
"20:50:18.881178","-577","-2013","-670","136","250","90","9079","-9303","9208","-3832","-9","-5","-3","3","3","2","7","15"
"20:50:18.881592","-577","-2013","-670","136","250","90","9079","-9303","9208","-3832","18","10","1","2","-1","-7","-10","-5"
"20:50:18.888775","-595","-1970","-678","142","267","62","9057","-9282","9231","-3877","-21","-10","0","-5","-2","-5","-20","-50"
"20:50:18.889137","-595","-1970","-678","142","267","62","9057","-9282","9231","-3877","-23","-7","-2","4","4","0","-8","-37"
"20:50:18.898262","-595","-1970","-678","142","267","62","9057","-9282","9231","-3877","14","10","-4","-9","-14","-9","-26","-14"
"20:50:18.898709","-595","-1970","-678","142","267","62","9057","-9282","9231","-3877","29","8","1","-3","0","7","27","42"
"20:50:18.911632","-614","-1936","-700","146","278","59","9034","-9260","9257","-3921","-19","-9","-5","-8","-3","2","3","-21"
"20:50:18.911992","-614","-1936","-700","146","278","59","9034","-9260","9257","-3921","1","-4","4","4","1","-5","-29","-6"
"20:50:18.921148","-614","-1936","-700","146","278","59","9034","-9260","9257","-3921","9","3","-7","0","-3","-5","16","14"
"20:50:18.921498","-614","-1936","-700","146","278","59","9034","-9260","9257","-3921","-7","-6","0","-4","1","10","16","7"
"20:50:18.926557","-593","-1885","-728","130","317","19","9001","-9243","9285","-3969","-2","-3","4","0","1","1","-1","-4"
"20:50:18.926924","-593","-1885","-728","130","317","19","9001","-9243","9285","-3969","11","3","-3","8","7","8","7","18"
"20:50:18.941459","-593","-1885","-728","130","317","19","9001","-9243","9285","-3969","-20","-14","-2","-1","-3","-7","-21","-27"
"20:50:18.941824","-593","-1885","-728","130","317","19","9001","-9243","9285","-3969","-10","-4","-5","-9","-12","-10","-16","-15"
"20:50:18.948762","-605","-1833","-723","139","348","-43","8964","-9229","9311","-4024","-8","3","4","2","-5","-8","-7","-9"
"20:50:18.949121","-605","-1833","-723","139","348","-43","8964","-9229","9311","-4024","-9","-2","0","-1","0","1","1","0"
"20:50:18.958217","-605","-1833","-723","139","348","-43","8964","-9229","9311","-4024","1","0","-6","-4","-3","2","2","7"
"20:50:18.958566","-605","-1833","-723","139","348","-43","8964","-9229","9311","-4024","-15","-5","1","-3","-4","-6","-6","-11"
"20:50:18.970803","-553","-1884","-707","83","361","-60","8919","-9223","9336","-4082","3","-2","5","5","7","6","4","12"
"20:50:18.971184","-553","-1884","-707","83","361","-60","8919","-9223","9336","-4082","-3","-12","-7","-7","-8","-5","3","5"
"20:50:18.979891","-553","-1884","-707","83","361","-60","8919","-9223","9336","-4082","-8","0","3","4","1","-2","-4","-7"
"20:50:18.980204","-553","-1884","-707","83","361","-60","8919","-9223","9336","-4082","-1","-1","2","0","3","2","0","-5"
"20:50:18.986395","-488","-1906","-676","95","407","-33","8872","-9211","9363","-4147","-8","-4","2","-2","-6","-9","-14","-11"
"20:50:18.986715","-488","-1906","-676","95","407","-33","8872","-9211","9363","-4147","-1","-3","-4","-3","-2","-1","4","2"
"20:50:19.001496","-488","-1906","-676","95","407","-33","8872","-9211","9363","-4147","-4","5","3","3","0","1","-1","-7"
"20:50:19.001864","-488","-1906","-676","95","407","-33","8872","-9211","9363","-4147","-5","-1","0","-1","-2","-4","-5","-3"
"20:50:19.008840","-406","-1939","-677","177","571","32","8817","-9180","9406","-4237","-1","1","-2","0","-1","0","-3","2"
"20:50:19.009196","-406","-1939","-677","177","571","32","8817","-9180","9406","-4237","-5","-5","-7","-6","-5","5","7","-1"
"20:50:19.018249","-406","-1939","-677","177","571","32","8817","-9180","9406","-4237","-2","-1","-1","9","-11","-23","-9","-5"
"20:50:19.018606","-406","-1939","-677","177","571","32","8817","-9180","9406","-4237","-1","-4","-5","-3","7","0","-4","-1"
"20:50:19.031206","-347","-1919","-663","329","898","185","8749","-9104","9485","-4362","1","2","4","-2","-3","14","5","2"
"20:50:19.031568","-347","-1919","-663","329","898","185","8749","-9104","9485","-4362","-1","-2","3","4","5","-9","-2","-1"
"20:50:19.040351","-347","-1919","-663","329","898","185","8749","-9104","9485","-4362","0","2","3","-2","10","36","9","0"
"20:50:19.040702","-347","-1919","-663","329","898","185","8749","-9104","9485","-4362","-4","-2","-1","-2","-13","-22","-14","-8"
"20:50:19.046340","-339","-1899","-713","533","1148","256","8674","-8989","9588","-4523","-3","-2","-7","-3","0","-3","-2","-2"
"20:50:19.046791","-339","-1899","-713","533","1148","256","8674","-8989","9588","-4523","0","-1","-2","-1","1","-5","4","4"
"20:50:19.061246","-339","-1899","-713","533","1148","256","8674","-8989","9588","-4523","-2","1","4","0","-4","-15","-8","0"
"20:50:19.061597","-339","-1899","-713","533","1148","256","8674","-8989","9588","-4523","-2","-5","-4","-7","-3","3","1","-1"
"20:50:19.068597","-309","-1833","-786","579","1290","254","8580","-8865","9703","-4698","0","1","-1","2","2","-2","-1","-1"
"20:50:19.068905","-309","-1833","-786","579","1290","254","8580","-8865","9703","-4698","-6","-7","-5","-9","-14","-8","-7","-5"
"20:50:19.077676","-309","-1833","-786","579","1290","254","8580","-8865","9703","-4698","-1","0","-1","0","6","1","1","0"
"20:50:19.078016","-309","-1833","-786","579","1290","254","8580","-8865","9703","-4698","0","-2","-1","3","2","5","0","-1"
"20:50:19.091529","-288","-1717","-763","622","1463","193","8468","-8731","9825","-4895","-3","-1","-2","0","-3","-6","-4","-4"
"20:50:19.091894","-288","-1717","-763","622","1463","193","8468","-8731","9825","-4895","0","3","-1","0","0","2","6","4"
"20:50:19.100930","-288","-1717","-763","622","1463","193","8468","-8731","9825","-4895","-2","1","0","1","4","2","-2","-4"
"20:50:19.101275","-288","-1717","-763","622","1463","193","8468","-8731","9825","-4895","1","1","0","0","0","3","3","2"
"20:50:19.106496","-250","-1618","-806","527","1656","74","8335","-8590","9956","-5103","-3","-3","-2","-3","-5","-8","-7","-3"
"20:50:19.106864","-250","-1618","-806","527","1656","74","8335","-8590","9956","-5103","-1","-1","-1","2","1","1","-1","-1"
"20:50:19.121391","-250","-1618","-806","527","1656","74","8335","-8590","9956","-5103","-1","0","2","1","0","1","4","2"
"20:50:19.121750","-250","-1618","-806","527","1656","74","8335","-8590","9956","-5103","0","0","0","1","0","4","0","0"
"20:50:19.128837","-243","-1590","-882","276","1825","-78","8148","-8476","10100","-5310","-4","-4","-4","-3","-1","-9","-7","-4"
"20:50:19.129192","-243","-1590","-882","276","1825","-78","8148","-8476","10100","-5310","1","1","2","2","5","12","10","2"
"20:50:19.138167","-243","-1590","-882","276","1825","-78","8148","-8476","10100","-5310","-2","-2","-4","-4","-3","-6","-7","-4"
"20:50:19.138517","-243","-1590","-882","276","1825","-78","8148","-8476","10100","-5310","-4","-2","-5","-5","-8","-3","4","-4"
"20:50:19.151492","-234","-1672","-972","-13","1928","-383","7901","-8412","10236","-5518","-2","-1","1","0","0","1","-4","-1"
"20:50:19.151907","-234","-1672","-972","-13","1928","-383","7901","-8412","10236","-5518","1","0","0","-2","-3","-3","-2","0"
"20:50:19.161143","-234","-1672","-972","-13","1928","-383","7901","-8412","10236","-5518","-2","-1","-1","-3","-4","-6","-2","-2"
"20:50:19.161551","-234","-1672","-972","-13","1928","-383","7901","-8412","10236","-5518","1","2","2","2","2","4","3","1"
"20:50:19.174685","-192","-1732","-924","-91","2004","-705","7617","-8381","10349","-5751","-1","-1","-3","1","1","0","3","0"
"20:50:19.175252","-192","-1732","-924","-91","2004","-705","7617","-8381","10349","-5751","-1","-1","-2","-1","-2","-2","-4","-2"
"20:50:19.181487","-192","-1732","-924","-91","2004","-705","7617","-8381","10349","-5751","-3","-3","-1","-2","-1","-3","-5","-3"
"20:50:19.181895","-192","-1732","-924","-91","2004","-705","7617","-8381","10349","-5751","-1","0","-2","0","-1","-4","-4","-1"
"20:50:19.188867","-164","-1765","-900","-56","2081","-984","7306","-8368","10433","-6015","-2","-2","1","-5","-2","-4","-7","-3"
"20:50:19.189256","-164","-1765","-900","-56","2081","-984","7306","-8368","10433","-6015","-2","-1","3","2","2","-2","-1","-2"
"20:50:19.204253","-164","-1765","-900","-56","2081","-984","7306","-8368","10433","-6015","3","0","-5","-3","1","7","9","4"
"20:50:19.204647","-164","-1765","-900","-56","2081","-984","7306","-8368","10433","-6015","0","1","1","-1","1","2","3","0"
"20:50:19.211261","-141","-1791","-933","-145","2206","-1281","6950","-8381","10499","-6298","-1","-1","-1","-1","-6","-5","-5","-3"
"20:50:19.211620","-141","-1791","-933","-145","2206","-1281","6950","-8381","10499","-6298","-2","-4","-10","-3","1","0","-7","-5"
"20:50:19.220603","-141","-1791","-933","-145","2206","-1281","6950","-8381","10499","-6298","-1","0","-1","1","-1","-4","-8","-2"
"20:50:19.220902","-141","-1791","-933","-145","2206","-1281","6950","-8381","10499","-6298","3","2","1","3","3","8","12","5"
"20:50:19.243070","-119","-1794","-938","-192","2378","-1556","6545","-8409","10547","-6606","-1","-1","-3","-1","1","2","0","-3"
"20:50:19.243456","-119","-1794","-938","-192","2378","-1556","6545","-8409","10547","-6606","0","0","1","0","-3","-3","2","2"
"20:50:19.245716","-119","-1794","-938","-192","2378","-1556","6545","-8409","10547","-6606","-2","-4","0","1","-2","-3","-6","-5"
"20:50:19.246109","-119","-1794","-938","-192","2378","-1556","6545","-8409","10547","-6606","-3","-4","-5","-2","-4","-5","-6","-4"
"20:50:19.248793","-96","-1880","-900","-166","2501","-1764","6110","-8440","10572","-6936","3","2","1","1","1","-1","4","4"
"20:50:19.249156","-96","-1880","-900","-166","2501","-1764","6110","-8440","10572","-6936","0","0","-2","-1","0","3","-1","0"
"20:50:19.263926","-96","-1880","-900","-166","2501","-1764","6110","-8440","10572","-6936","-1","0","1","1","-1","-2","0","0"
"20:50:19.264297","-96","-1880","-900","-166","2501","-1764","6110","-8440","10572","-6936","-3","-2","0","-2","-1","-7","-10","-4"
"20:50:19.271284","-83","-1972","-943","-135","2547","-1896","5657","-8470","10573","-7273","-5","-3","-1","-6","-6","-4","-6","-6"
"20:50:19.271642","-83","-1972","-943","-135","2547","-1896","5657","-8470","10573","-7273","2","0","1","-1","1","-5","1","1"
"20:50:19.280962","-83","-1972","-943","-135","2547","-1896","5657","-8470","10573","-7273","5","1","2","4","3","14","18","10"
"20:50:19.281311","-83","-1972","-943","-135","2547","-1896","5657","-8470","10573","-7273","-1","-1","0","1","-1","-10","-4","-1"
"20:50:19.294821","-88","-1947","-937","-367","2463","-2098","5171","-8532","10558","-7578","1","1","-1","-3","1","23","8","3"
"20:50:19.295189","-88","-1947","-937","-367","2463","-2098","5171","-8532","10558","-7578","-4","-1","-1","0","-3","-10","-11","-6"
"20:50:19.301416","-88","-1947","-937","-367","2463","-2098","5171","-8532","10558","-7578","-2","-3","-3","-5","-3","1","2","-3"
"20:50:19.301780","-88","-1947","-937","-367","2463","-2098","5171","-8532","10558","-7578","3","0","0","4","2","-1","4","6"
"20:50:19.308823","41","-2031","-1010","-342","2331","-2236","4686","-8610","10507","-7871","1","1","0","5","2","-2","5","4"
"20:50:19.309192","41","-2031","-1010","-342","2331","-2236","4686","-8610","10507","-7871","-2","-2","-3","-5","-4","-1","-4","-5"
"20:50:19.324094","41","-2031","-1010","-342","2331","-2236","4686","-8610","10507","-7871","-2","-1","0","1","-2","-8","-8","-5"
"20:50:19.324468","41","-2031","-1010","-342","2331","-2236","4686","-8610","10507","-7871","-5","-4","-9","-10","-7","-5","-7","-6"
"20:50:19.331759","102","-2166","-1017","-68","2191","-2200","4242","-8670","10417","-8171","-2","-3","-1","-1","-3","-9","-5","-3"
"20:50:19.332131","102","-2166","-1017","-68","2191","-2200","4242","-8670","10417","-8171","0","-1","1","2","1","7","5","4"
"20:50:19.341034","102","-2166","-1017","-68","2191","-2200","4242","-8670","10417","-8171","-3","-1","-5","-3","-2","-4","-5","-4"
"20:50:19.341381","102","-2166","-1017","-68","2191","-2200","4242","-8670","10417","-8171","-7","-5","-4","-6","-6","-7","-23","-12"
"20:50:19.354516","167","-2102","-1004","26","2116","-2048","3826","-8705","10319","-8458","-2","0","-2","0","-2","-7","2","-1"
"20:50:19.354879","167","-2102","-1004","26","2116","-2048","3826","-8705","10319","-8458","7","3","-1","2","8","14","24","16"
"20:50:19.361414","167","-2102","-1004","26","2116","-2048","3826","-8705","10319","-8458","4","0","-1","1","7","9","10","8"
"20:50:19.361770","167","-2102","-1004","26","2116","-2048","3826","-8705","10319","-8458","-1","0","0","0","2","9","2","0"
"20:50:19.368752","274","-1960","-1065","-20","2049","-2097","3403","-8748","10209","-8724","-5","-4","-6","-5","-5","-7","-11","-10"
"20:50:19.369113","274","-1960","-1065","-20","2049","-2097","3403","-8748","10209","-8724","-4","-1","1","-2","-4","-5","-12","-8"
"20:50:19.384044","274","-1960","-1065","-20","2049","-2097","3403","-8748","10209","-8724","-2","-1","-4","0","2","-4","-4","-2"
"20:50:19.384424","274","-1960","-1065","-20","2049","-2097","3403","-8748","10209","-8724","2","-1","-2","-6","3","7","9","3"
"20:50:19.391526","432","-2012","-1058","-75","1936","-2168","2977","-8802","10083","-8968","-3","-1","3","-1","-2","-8","-4","-1"
"20:50:19.391889","432","-2012","-1058","-75","1936","-2168","2977","-8802","10083","-8968","-2","-2","-2","-4","-6","-4","-1","-2"
"20:50:19.401152","432","-2012","-1058","-75","1936","-2168","2977","-8802","10083","-8968","-1","-3","2","-3","-2","-2","-4","-2"
"20:50:19.401503","432","-2012","-1058","-75","1936","-2168","2977","-8802","10083","-8968","2","3","4","5","2","-2","-1","0"
"20:50:19.414873","575","-2074","-981","-80","1720","-2001","2590","-8851","9957","-9179","1","1","0","-3","-1","3","2","3"
"20:50:19.415239","575","-2074","-981","-80","1720","-2001","2590","-8851","9957","-9179","0","-1","0","1","1","1","-1","-1"
"20:50:19.421401","575","-2074","-981","-80","1720","-2001","2590","-8851","9957","-9179","-2","0","-2","-5","-3","0","-2","-4"
"20:50:19.421763","575","-2074","-981","-80","1720","-2001","2590","-8851","9957","-9179","-2","-1","-2","-2","-3","0","-1","-1"
"20:50:19.428871","570","-1881","-902","-181","1547","-1755","2234","-8887","9853","-9349","1","0","1","3","2","-1","-1","0"
"20:50:19.429297","570","-1881","-902","-181","1547","-1755","2234","-8887","9853","-9349","0","0","-2","0","2","4","2","-1"
"20:50:19.444110","570","-1881","-902","-181","1547","-1755","2234","-8887","9853","-9349","-1","-1","-3","-2","-7","-3","-1","-1"
"20:50:19.444471","570","-1881","-902","-181","1547","-1755","2234","-8887","9853","-9349","1","-1","2","4","2","1","1","0"
"20:50:19.451180","576","-1636","-922","-553","1348","-1884","1849","-8962","9763","-9455","-1","-2","-3","-2","-2","-1","-2","-1"
"20:50:19.451544","576","-1636","-922","-553","1348","-1884","1849","-8962","9763","-9455","-3","-3","-2","-2","-3","-7","-8","-5"
"20:50:19.460955","576","-1636","-922","-553","1348","-1884","1849","-8962","9763","-9455","0","1","2","1","-1","0","0","1"
"20:50:19.461303","576","-1636","-922","-553","1348","-1884","1849","-8962","9763","-9455","0","-3","-3","-4","-1","-1","3","-1"
"20:50:19.474303","718","-1579","-868","-1018","1158","-2230","1400","-9096","9675","-9494","-1","-1","-1","1","-1","-1","1","0"
"20:50:19.474694","718","-1579","-868","-1018","1158","-2230","1400","-9096","9675","-9494","-2","-1","0","-1","-3","-3","-2","-1"
"20:50:19.480624","718","-1579","-868","-1018","1158","-2230","1400","-9096","9675","-9494","-1","1","1","0","0","-1","-1","-2"
"20:50:19.480931","718","-1579","-868","-1018","1158","-2230","1400","-9096","9675","-9494","-2","1","2","2","-2","-1","1","0"
"20:50:19.488580","425","-2524","-1465","-2048","920","-2042","911","-9236","9711","-9381","0","-2","-2","-1","1","0","0","-3"
"20:50:19.488928","425","-2524","-1465","-2048","920","-2042","911","-9236","9711","-9381","1","1","0","-2","0","1","2","-1"
"20:50:19.504128","425","-2524","-1465","-2048","920","-2042","911","-9236","9711","-9381","-3","-1","-1","-1","-2","-3","-4","-2"
"20:50:19.504492","425","-2524","-1465","-2048","920","-2042","911","-9236","9711","-9381","-1","-2","0","-1","-3","-2","-1","-1"
"20:50:19.511792","858","-3434","-1384","-1492","33","-168","856","-9210","9906","-9207","-1","0","0","0","0","0","1","0"
"20:50:19.512149","858","-3434","-1384","-1492","33","-168","856","-9210","9906","-9207","0","-2","0","-1","-3","1","0","-1"
"20:50:19.520940","858","-3434","-1384","-1492","33","-168","856","-9210","9906","-9207","-2","1","-1","-1","-1","-1","-3","-2"
"20:50:19.521285","858","-3434","-1384","-1492","33","-168","856","-9210","9906","-9207","0","-1","-7","-7","-4","-2","-2","0"
"20:50:19.534844","1115","-2943","-994","268","-57","1247","1080","-9038","10026","-9223","0","-3","-3","-2","-1","1","3","2"
"20:50:19.535230","1115","-2943","-994","268","-57","1247","1080","-9038","10026","-9223","-1","0","-3","0","-1","1","0","-1"
"20:50:19.541385","1115","-2943","-994","268","-57","1247","1080","-9038","10026","-9223","-2","-3","-4","-3","-3","-2","-3","-3"
"20:50:19.541741","1115","-2943","-994","268","-57","1247","1080","-9038","10026","-9223","0","0","-2","1","-2","-1","0","1"
"20:50:19.548786","937","-1722","-850","822","-223","1327","1330","-8902","10081","-9263","-1","2","-4","0","1","0","-1","0"
"20:50:19.549145","937","-1722","-850","822","-223","1327","1330","-8902","10081","-9263","0","-2","-4","-2","2","0","-1","1"
"20:50:19.564156","937","-1722","-850","822","-223","1327","1330","-8902","10081","-9263","-1","-1","0","-1","-1","-1","-2","-1"
"20:50:19.564508","937","-1722","-850","822","-223","1327","1330","-8902","10081","-9263","0","-1","-1","-1","-1","0","-1","-1"
"20:50:19.571567","948","-1320","-324","675","47","588","1446","-8817","10057","-9353","-2","-2","-2","-4","-1","1","1","0"
"20:50:19.571954","948","-1320","-324","675","47","588","1446","-8817","10057","-9353","-2","0","1","0","-1","-1","-1","-1"
"20:50:19.580370","948","-1320","-324","675","47","588","1446","-8817","10057","-9353","0","1","2","-1","1","0","0","-1"
"20:50:19.580672","948","-1320","-324","675","47","588","1446","-8817","10057","-9353","-1","-3","2","0","0","0","-1","1"
"20:50:19.595130","951","-1164","-387","112","103","-12","1432","-8809","10034","-9387","1","-1","2","3","-1","-2","0","-1"
"20:50:19.595489","951","-1164","-387","112","103","-12","1432","-8809","10034","-9387","-2","1","0","0","2","0","-1","0"
"20:50:19.601534","951","-1164","-387","112","103","-12","1432","-8809","10034","-9387","0","-1","-4","-3","-2","-3","-1","-2"
"20:50:19.601893","951","-1164","-387","112","103","-12","1432","-8809","10034","-9387","-1","-1","-1","-1","-2","-4","0","-2"
"20:50:19.608877","1075","-1179","-477","-554","93","-439","1305","-8863","10037","-9351","-1","0","-1","-1","0","1","-2","-1"
"20:50:19.609230","1075","-1179","-477","-554","93","-439","1305","-8863","10037","-9351","1","-1","0","1","0","-1","0","-1"
"20:50:19.624136","1075","-1179","-477","-554","93","-439","1305","-8863","10037","-9351","-1","-3","-1","0","-1","-2","-2","-1"
"20:50:19.624522","1075","-1179","-477","-554","93","-439","1305","-8863","10037","-9351","-1","-1","0","-1","-1","-2","0","-1"
"20:50:19.631685","1220","-1617","-516","-802","254","-680","1125","-8918","10044","-9315","-2","-2","-2","-1","-2","-2","-2","0"
"20:50:19.632073","1220","-1617","-516","-802","254","-680","1125","-8918","10044","-9315","-3","-3","-3","-1","-1","-3","-1","0"
"20:50:19.641384","1220","-1617","-516","-802","254","-680","1125","-8918","10044","-9315","-1","0","-1","0","1","2","0","-2"
"20:50:19.641782","1220","-1617","-516","-802","254","-680","1125","-8918","10044","-9315","-1","0","-1","-1","0","1","0","-1"
"20:50:19.654061","1244","-2168","-700","-651","275","-458","1007","-8930","10068","-9290","0","-3","-3","-1","-1","-1","-1","-2"
"20:50:19.654561","1244","-2168","-700","-651","275","-458","1007","-8930","10068","-9290","0","-2","-2","-3","-1","-3","-3","-1"
"20:50:19.661152","1244","-2168","-700","-651","275","-458","1007","-8930","10068","-9290","-1","-2","-1","0","-1","-1","0","0"
"20:50:19.661494","1244","-2168","-700","-651","275","-458","1007","-8930","10068","-9290","0","0","0","2","0","-1","-1","-1"
"20:50:19.668457","1183","-2318","-837","-138","44","100","1029","-8896","10101","-9285","-1","0","-2","-2","-2","-3","-1","-2"
"20:50:19.668804","1183","-2318","-837","-138","44","100","1029","-8896","10101","-9285","0","1","0","-1","0","0","1","-2"
"20:50:19.683195","1183","-2318","-837","-138","44","100","1029","-8896","10101","-9285","-1","-4","-5","-2","0","0","-3","-2"
"20:50:19.683547","1183","-2318","-837","-138","44","100","1029","-8896","10101","-9285","-1","-1","0","-1","-2","-1","0","-1"
"20:50:19.691377","1122","-2032","-914","416","-190","456","1153","-8853","10111","-9300","0","-1","-2","1","2","-1","0","1"
"20:50:19.691724","1122","-2032","-914","416","-190","456","1153","-8853","10111","-9300","-2","-2","-3","-1","-3","-2","-1","-2"
"20:50:19.700976","1122","-2032","-914","416","-190","456","1153","-8853","10111","-9300","-1","-2","0","-1","-1","-1","-1","-2"
"20:50:19.701327","1122","-2032","-914","416","-190","456","1153","-8853","10111","-9300","1","-1","-1","0","0","0","-2","-2"
"20:50:19.714733","1060","-1619","-884","625","-229","374","1275","-8833","10089","-9328","0","-1","1","0","-1","1","0","-1"
"20:50:19.715265","1060","-1619","-884","625","-229","374","1275","-8833","10089","-9328","-2","1","-2","-1","-3","-1","-1","-2"
"20:50:19.720920","1060","-1619","-884","625","-229","374","1275","-8833","10089","-9328","-1","0","2","3","1","0","-2","0"
"20:50:19.721255","1060","-1619","-884","625","-229","374","1275","-8833","10089","-9328","-3","-2","-1","-2","-1","-1","-3","1"
"20:50:19.728548","1060","-1362","-786","387","-137","80","1323","-8845","10057","-9345","1","0","1","-3","-1","1","-1","-1"
"20:50:19.728898","1060","-1362","-786","387","-137","80","1323","-8845","10057","-9345","0","0","-1","-1","1","0","-2","-1"
"20:50:19.744088","1060","-1362","-786","387","-137","80","1323","-8845","10057","-9345","-2","-2","-1","-2","-2","-2","-2","-2"
"20:50:19.744480","1060","-1362","-786","387","-137","80","1323","-8845","10057","-9345","-2","-2","-1","0","1","0","0","-2"
"20:50:19.751659","1050","-1341","-758","13","-4","-122","1300","-8869","10044","-9338","-2","-2","-1","-2","-1","-2","-1","-1"
"20:50:19.752046","1050","-1341","-758","13","-4","-122","1300","-8869","10044","-9338","-1","-1","1","1","0","-1","0","1"
"20:50:19.761340","1050","-1341","-758","13","-4","-122","1300","-8869","10044","-9338","-2","-1","-1","0","0","0","-1","-1"
"20:50:19.761737","1050","-1341","-758","13","-4","-122","1300","-8869","10044","-9338","1","-1","1","0","-1","-2","0","1"
"20:50:19.774874","1026","-1530","-803","-274","81","-210","1242","-8892","10058","-9309","-1","0","1","1","1","0","0","-1"
"20:50:19.775473","1026","-1530","-803","-274","81","-210","1242","-8892","10058","-9309","0","0","-1","-1","-2","-1","-1","0"
"20:50:19.781479","1026","-1530","-803","-274","81","-210","1242","-8892","10058","-9309","0","0","-1","0","1","-1","-2","-1"
"20:50:19.781874","1026","-1530","-803","-274","81","-210","1242","-8892","10058","-9309","-2","1","-1","-2","-1","-2","-1","-1"
"20:50:19.797295","1035","-1759","-858","-380","81","-182","1187","-8907","10089","-9269","-1","-1","-3","-1","-4","-3","-2","-1"
"20:50:19.797866","1035","-1759","-858","-380","81","-182","1187","-8907","10089","-9269","-2","-2","0","2","-1","0","-2","-2"
"20:50:19.804079","1035","-1759","-858","-380","81","-182","1187","-8907","10089","-9269","1","1","0","0","0","-2","-1","-1"
"20:50:19.804490","1035","-1759","-858","-380","81","-182","1187","-8907","10089","-9269","0","0","0","-1","1","1","-1","-2"
"20:50:19.811605","1085","-1870","-912","-223","19","-22","1172","-8907","10119","-9238","-1","1","0","-1","-1","0","-1","-1"
"20:50:19.812016","1085","-1870","-912","-223","19","-22","1172","-8907","10119","-9238","0","0","-2","-1","-3","-1","-1","0"
"20:50:19.821368","1085","-1870","-912","-223","19","-22","1172","-8907","10119","-9238","0","-1","-1","0","-1","0","-1","0"
"20:50:19.821775","1085","-1870","-912","-223","19","-22","1172","-8907","10119","-9238","-2","1","-2","0","1","-1","-2","-2"
"20:50:19.834922","1099","-1795","-907","60","-24","125","1199","-8895","10132","-9232","-1","-2","-1","-1","0","-1","-3","-1"
"20:50:19.835490","1099","-1795","-907","60","-24","125","1199","-8895","10132","-9232","-3","-1","-2","-2","0","0","-1","0"
"20:50:19.856214","1099","-1795","-907","60","-24","125","1199","-8895","10132","-9232","-1","0","0","-1","0","-2","1","-1"
"20:50:19.856401","1099","-1795","-907","60","-24","125","1199","-8895","10132","-9232","-1","-2","-1","-1","-2","-2","-2","-1"
"20:50:19.856558","1098","-1651","-872","251","-12","167","1240","-8879","10128","-9247","0","-2","-1","-1","1","0","-1","0"
"20:50:19.856707","1098","-1651","-872","251","-12","167","1240","-8879","10128","-9247","-1","-1","-4","-3","-1","0","1","-1"
"20:50:19.871470","1098","-1651","-872","251","-12","167","1240","-8879","10128","-9247","-2","-2","-3","-4","-5","-3","-2","-3"
"20:50:19.871680","1098","-1651","-872","251","-12","167","1240","-8879","10128","-9247","0","-1","-1","0","0","-1","-3","-1"
"20:50:19.872371","1072","-1570","-809","257","29","120","1271","-8864","10117","-9269","-2","-1","-3","-2","-2","0","0","0"
"20:50:19.872567","1072","-1570","-809","257","29","120","1271","-8864","10117","-9269","0","-3","2","1","0","-2","-2","1"
"20:50:19.879844","1072","-1570","-809","257","29","120","1271","-8864","10117","-9269","-2","-1","0","0","0","0","0","-1"
"20:50:19.880039","1072","-1570","-809","257","29","120","1271","-8864","10117","-9269","-1","-1","-1","-3","-6","-1","0","-1"
"20:50:19.894134","1086","-1533","-800","152","50","27","1276","-8860","10107","-9283","1","-1","3","3","1","0","-2","0"
"20:50:19.894356","1086","-1533","-800","152","50","27","1276","-8860","10107","-9283","0","-1","1","-1","-1","0","0","1"
"20:50:19.900984","1086","-1533","-800","152","50","27","1276","-8860","10107","-9283","-2","-3","-4","-5","-3","-3","-1","-1"
"20:50:19.901345","1086","-1533","-800","152","50","27","1276","-8860","10107","-9283","-3","-1","0","0","-1","-2","-1","-1"
"20:50:19.908886","1069","-1604","-793","8","33","-30","1269","-8863","10106","-9281","-1","-2","0","-1","-2","1","1","-1"
"20:50:19.909243","1069","-1604","-793","8","33","-30","1269","-8863","10106","-9281","-1","-2","0","-1","2","-1","0","-1"
"20:50:19.923925","1069","-1604","-793","8","33","-30","1269","-8863","10106","-9281","0","-2","-3","-3","-3","-1","-1","1"
"20:50:19.924323","1069","-1604","-793","8","33","-30","1269","-8863","10106","-9281","1","-1","1","1","-2","0","0","-2"
"20:50:19.931690","1081","-1677","-783","-93","-3","-3","1262","-8865","10118","-9268","-1","-3","-4","-4","-5","-3","-2","-2"
"20:50:19.932050","1081","-1677","-783","-93","-3","-3","1262","-8865","10118","-9268","-3","-2","-1","-1","-2","-1","-1","-2"
"20:50:19.941120","1081","-1677","-783","-93","-3","-3","1262","-8865","10118","-9268","-1","-2","-2","-1","2","-1","-2","-1"
"20:50:19.941465","1081","-1677","-783","-93","-3","-3","1262","-8865","10118","-9268","1","-2","-1","-1","0","-1","0","0"
"20:50:19.954921","1060","-1761","-784","-101","-29","57","1267","-8860","10137","-9251","-1","1","-1","0","-1","-2","-1","-1"
"20:50:19.955281","1060","-1761","-784","-101","-29","57","1267","-8860","10137","-9251","-1","0","-1","1","-1","-1","-2","0"
"20:50:19.960987","1060","-1761","-784","-101","-29","57","1267","-8860","10137","-9251","-1","0","-1","1","1","0","-1","-1"
"20:50:19.961338","1060","-1761","-784","-101","-29","57","1267","-8860","10137","-9251","-1","0","0","0","0","0","-1","1"
"20:50:19.968539","1056","-1739","-788","-35","-32","70","1280","-8854","10150","-9240","-1","-1","-2","-4","1","-1","-1","-1"
"20:50:19.968909","1056","-1739","-788","-35","-32","70","1280","-8854","10150","-9240","-1","-2","-1","-2","-5","-3","-1","-1"
"20:50:19.984147","1056","-1739","-788","-35","-32","70","1280","-8854","10150","-9240","-1","-1","1","1","-3","0","-1","0"
"20:50:19.984510","1056","-1739","-788","-35","-32","70","1280","-8854","10150","-9240","-2","-2","-3","-1","-1","-1","0","-1"
"20:50:19.991229","1062","-1710","-802","17","-22","38","1291","-8851","10155","-9236","0","-1","-1","2","1","1","0","-2"
"20:50:19.991593","1062","-1710","-802","17","-22","38","1291","-8851","10155","-9236","0","0","-2","-2","-1","0","0","0"
"20:50:20.001500","1062","-1710","-802","17","-22","38","1291","-8851","10155","-9236","-2","-1","-2","-1","1","0","-1","-1"
"20:50:20.001895","1062","-1710","-802","17","-22","38","1291","-8851","10155","-9236","0","-2","-1","-2","-1","-1","-1","0"
"20:50:20.014160","1068","-1679","-802","46","0","19","1298","-8849","10155","-9237","-1","-2","-2","-1","-2","0","0","-1"
"20:50:20.014491","1068","-1679","-802","46","0","19","1298","-8849","10155","-9237","-1","-1","-1","-2","-1","1","-1","-3"
"20:50:20.020795","1068","-1679","-802","46","0","19","1298","-8849","10155","-9237","0","-1","0","-1","0","-1","-1","-1"
"20:50:20.021105","1068","-1679","-802","46","0","19","1298","-8849","10155","-9237","-1","0","-2","-1","0","-3","0","-1"
